<?xml version="1.0" encoding="UTF-8" standalone="no"?>
<registration_data version="1.0">
   <environment>
      <hostname>jordanneil23-PC</hostname>
      <hostId/>
      <osName>Windows 7</osName>
      <osVersion>6.1</osVersion>
      <osArchitecture>x86</osArchitecture>
      <systemModel>To Be Filled By O.E.M.</systemModel>
      <systemManufacturer>To Be Filled By O.E.M.</systemManufacturer>
      <cpuManufacturer>AuthenticAMD</cpuManufacturer>
      <serialNumber>To Be Filled By O.E.M.</serialNumber>
   </environment>
   <registry urn="urn:st:5976639f-b8a4-477e-9103-15dd76598e02" version="1.0">
      <service_tag>
         <instance_urn>urn:st:2b3f0bce-8ab4-422a-ad51-c4eea344fe56</instance_urn>
         <product_name>Java SE 7 Runtime Environment</product_name>
         <product_version>1.7.0_04</product_version>
         <product_urn>JSERE-007-ZZZZ</product_urn>
         <product_parent_urn>urn:uuid:dc1704fe-264f-11dc-9482-080020a9ed93</product_parent_urn>
         <product_parent>Java Platform Standard Edition 7 (Java SE 7)</product_parent>
         <product_defined_inst_id>id=1.7.0_04-b20 x86,dir=E:\Java</product_defined_inst_id>
         <product_vendor>Oracle Corporation</product_vendor>
         <platform_arch>x86</platform_arch>
         <timestamp>2012-05-02 01:37:50 GMT</timestamp>
         <container>global</container>
         <source>Windows JRE installer</source>
         <installer_uid>-1</installer_uid>
      </service_tag>
   </registry>
</registration_data>
